,precision,recall,f1-score,support
hate speech,0.42245989304812837,0.2633333333333333,0.324435318275154,300.0
offensive language,0.9053539710733316,0.932322968382545,0.9186405767250256,3827.0
neither,0.75875,0.7578027465667915,0.7582760774515928,801.0
accuracy,0.8632305194805194,0.8632305194805194,0.8632305194805194,0.8632305194805194
macro avg,0.6955212880404867,0.6511530160942233,0.6671173241505909,4928.0
weighted avg,0.8521279150186848,0.8632305194805194,0.8564016275665474,4928.0
