,precision,recall,f1-score,support
not hate speech,0.9380952380952381,0.9563106796116505,0.9471153846153847,412.0
hate speech,0.9042553191489362,0.8673469387755102,0.8854166666666667,196.0
accuracy,0.9276315789473685,0.9276315789473685,0.9276315789473685,0.9276315789473685
macro avg,0.9211752786220871,0.9118288091935803,0.9162660256410258,608.0
weighted avg,0.9271863168559697,0.9276315789473685,0.9272256663292848,608.0
