,precision,recall,f1-score,support
not hate speech,0.9252336448598131,0.9611650485436893,0.9428571428571428,412.0
hate speech,0.9111111111111111,0.8367346938775511,0.8723404255319148,196.0
accuracy,0.9210526315789473,0.9210526315789473,0.9210526315789473,0.9210526315789473
macro avg,0.918172377985462,0.8989498712106202,0.9075987841945288,608.0
weighted avg,0.9206809859539815,0.9210526315789473,0.9201247800351943,608.0
