,precision,recall,f1-score,support
hate speech,0.42105263157894735,0.26666666666666666,0.326530612244898,300.0
offensive language,0.9093005380476556,0.9273582440553959,0.9182406209573092,3827.0
neither,0.7461077844311377,0.7777777777777778,0.7616136919315404,801.0
accuracy,0.8628246753246753,0.8628246753246753,0.8628246753246753,0.8628246753246753
macro avg,0.6921536513525802,0.6572675628332801,0.6687949750445825,4928.0
weighted avg,0.8530522085859179,0.8628246753246753,0.8567610810296784,4928.0
