,precision,recall,f1-score,support
not hate speech,0.937799043062201,0.9514563106796117,0.9445783132530121,412.0
hate speech,0.8947368421052632,0.8673469387755102,0.8808290155440415,196.0
accuracy,0.9243421052631579,0.9243421052631579,0.9243421052631579,0.9243421052631579
macro avg,0.9162679425837321,0.9094016247275609,0.9127036643985268,608.0
weighted avg,0.9239171493326619,0.9243421052631579,0.9240275528073572,608.0
