,precision,recall,f1-score,support
hate speech,0.4864864864864865,0.17763157894736842,0.26024096385542167,304.0
offensive language,0.8890789152211092,0.9461778471138845,0.9167401435949113,3846.0
neither,0.7436918990703851,0.6939281288723668,0.7179487179487178,807.0
accuracy,0.8579786160984466,0.8579786160984466,0.8579786160984466,0.8579786160984466
macro avg,0.7064191002593269,0.6059125183112065,0.6316432751330169,4957.0
weighted avg,0.8407199439947708,0.8579786160984466,0.8441154853061715,4957.0
