,precision,recall,f1-score,support
Non Hate-Speech,0.9731051344743277,0.961352657004831,0.9671931956257594,414.0
Hate-Speech,0.9211822660098522,0.9444444444444444,0.9326683291770573,198.0
accuracy,0.9558823529411765,0.9558823529411765,0.9558823529411765,0.9558823529411765
macro avg,0.9471437002420899,0.9528985507246377,0.9499307624014084,612.0
weighted avg,0.9563065593828797,0.9558823529411765,0.9560233858923558,612.0
