,precision,recall,f1-score,support
not hate speech,0.8839285714285714,0.9565217391304348,0.9187935034802784,414.0
hate speech,0.8902439024390244,0.7373737373737373,0.8066298342541436,198.0
accuracy,0.8856209150326797,0.8856209150326797,0.8856209150326797,0.8856209150326797
macro avg,0.887086236933798,0.846947738252086,0.862711668867211,612.0
weighted avg,0.8859717667554826,0.8856209150326797,0.8825052575541761,612.0
