,loss,accuracy,precision,recall,val_loss,val_accuracy,val_precision,val_recall,learning_rate,num_epochs,batch_size,num_classes,test_size,train_size,seed,train_class_proportion_not hate speech,train_class_proportion_hate speech,test_class_proportion_not hate speech,test_class_proportion_hate speech
0,2.8404479026794434,0.7239497900009155,0.7239497900009155,0.7239497900009155,1.6726940870285034,0.7217676043510437,0.7217676043510437,0.7217676043510437,0.001,4,32,2,612,2444,11,0.73,0.27,0.68,0.32
1,1.203757643699646,0.8199672698974609,0.8199672698974609,0.8199672698974609,1.0212363004684448,0.8428805470466614,0.8428805470466614,0.8428805470466614,0.001,4,32,2,612,2444,11,0.73,0.27,0.68,0.32
2,0.7009093761444092,0.9754500985145569,0.9754500985145569,0.9754500985145569,0.8201044797897339,0.88707035779953,0.88707035779953,0.88707035779953,0.001,4,32,2,612,2444,11,0.73,0.27,0.68,0.32
3,0.5436403751373291,0.9918166995048523,0.9918166995048523,0.9918166995048523,0.7276784181594849,0.9018003344535828,0.9018003344535828,0.9018003344535828,0.001,4,32,2,612,2444,11,0.73,0.27,0.68,0.32
