,loss,accuracy,precision_6,recall_6,val_loss,val_accuracy,val_precision_6,val_recall_6,learning_rate,num_epochs,batch_size,num_classes,test_size,train_size,seed,train_class_proportion_hate speech,train_class_proportion_offensive language,train_class_proportion_neither,test_class_proportion_hate speech,test_class_proportion_offensive language,test_class_proportion_neither
0,1.185321569442749,0.8305084705352783,0.8500543832778931,0.7881355881690979,0.6397469639778137,0.8765382170677185,0.8977947235107422,0.8541456460952759,0.001,4,32,3,4957,19825,11,,,,,,
1,0.45631101727485657,0.9106134176254272,0.9273118376731873,0.8983723521232605,0.4802640974521637,0.8666532039642334,0.8845425844192505,0.8484970927238464,0.001,4,32,3,4957,19825,11,,,,,,
2,0.2800365686416626,0.9348937273025513,0.9493557214736938,0.9266881942749023,0.43981897830963135,0.8751260638237,0.8954564332962036,0.8587855696678162,0.001,4,32,3,4957,19825,11,,,,,,
3,0.21571089327335358,0.9496233463287354,0.9586873054504395,0.9411487579345703,0.47711411118507385,0.8729069828987122,0.8860494494438171,0.8533387184143066,0.001,4,32,3,4957,19825,11,,,,,,
